hidden_size,sparsity,n_params,active_params,active_macs,train_time_s,peak_mem_kb,accuracy,f1,precision,recall,best_val_loss,convergence_epoch,inference_time_us
100,0.0,2311,2311,2200,1.083,257.89,0.620833,0.601118,0.588731,0.620833,0.916482,46,7.917
100,0.1,2311,2090,1990,1.043,81.42,0.625,0.603232,0.589086,0.625,0.917405,96,7.875
100,0.2,2311,1869,1780,1.041,79.15,0.458333,0.377105,0.321523,0.458333,1.196704,72,8.0
100,0.3,2311,1648,1570,1.052,78.61,0.55,0.473624,0.536127,0.55,1.327801,89,8.042
100,0.4,2311,1427,1360,1.049,78.61,0.379167,0.283512,0.245531,0.379167,1.440725,88,7.958
100,0.5,2311,1206,1150,1.042,80.2,0.508333,0.368561,0.289081,0.508333,1.542188,75,7.75
100,0.6,2311,985,940,1.052,78.61,0.4,0.278835,0.23278,0.4,1.641365,96,8.041
100,0.7,2311,764,730,1.049,78.61,0.391667,0.234758,0.169825,0.391667,1.863834,94,7.75
100,0.8,2311,543,520,1.049,78.61,0.391667,0.229969,0.162771,0.391667,1.87644,96,7.834
100,0.9,2311,322,310,1.049,78.72,0.595833,0.539791,0.493713,0.595833,1.271037,100,7.959
100,1.0,2311,0,0,1.046,78.71,0.0,0.0,0.0,0.0,2.397896,1,7.958
200,0.0,4611,4611,4400,1.255,78.61,0.6125,0.597197,0.588129,0.6125,0.919764,27,8.417
200,0.1,4611,4170,3980,1.265,176.99,0.620833,0.603744,0.595471,0.620833,0.930889,40,8.375
200,0.2,4611,3729,3560,1.259,79.15,0.5875,0.55423,0.574652,0.5875,1.210084,40,8.167
200,0.3,4611,3288,3140,1.248,78.61,0.595833,0.544913,0.503218,0.595833,1.072509,66,8.542
200,0.4,4611,2847,2720,1.249,78.61,0.491667,0.369196,0.295616,0.491667,1.410015,57,8.375
200,0.5,4611,2406,2300,1.256,78.61,0.395833,0.287367,0.225559,0.395833,1.464205,62,8.042
200,0.6,4611,1965,1880,1.255,78.61,0.508333,0.364935,0.284656,0.508333,1.594321,40,8.333
200,0.7,4611,1524,1460,1.257,78.61,0.416667,0.29085,0.254762,0.416667,1.714006,67,8.417
200,0.8,4611,1083,1040,1.263,78.61,0.625,0.566166,0.517967,0.625,1.225084,100,8.166
200,0.9,4611,642,620,1.264,78.61,0.504167,0.357713,0.277195,0.504167,1.773483,83,8.291
200,1.0,4611,0,0,1.256,78.61,0.0,0.0,0.0,0.0,2.397896,1,8.291
300,0.0,6911,6911,6600,1.272,78.61,0.608333,0.594175,0.586662,0.608333,0.914366,30,8.791
300,0.1,6911,6250,5970,1.273,78.61,0.604167,0.586212,0.577927,0.604167,0.914677,30,8.833
300,0.2,6911,5589,5340,1.273,78.61,0.625,0.607428,0.595709,0.625,0.942698,30,8.667
300,0.3,6911,4928,4710,1.313,194.94,0.625,0.606965,0.59432,0.625,0.953172,46,8.708
300,0.4,6911,4267,4080,1.275,78.61,0.3875,0.296932,0.254655,0.3875,1.506186,56,8.625
300,0.5,6911,3606,3450,1.273,78.61,0.591667,0.54347,0.505377,0.591667,1.121113,56,8.604
300,0.6,6911,2945,2820,1.271,78.61,0.383333,0.238188,0.17277,0.383333,1.695326,79,8.459
300,0.7,6911,2284,2190,1.267,78.61,0.1,0.061224,0.044118,0.1,1.976731,37,8.459
300,0.8,6911,1623,1560,1.273,78.61,0.416667,0.279605,0.210396,0.416667,1.722282,97,8.708
300,0.9,6911,962,930,1.278,78.61,0.420833,0.273408,0.202476,0.420833,1.808304,97,8.333
300,1.0,6911,0,0,1.277,78.61,0.0,0.0,0.0,0.0,2.397896,1,8.584
400,0.0,9211,9211,8800,1.273,78.61,0.604167,0.594767,0.612374,0.604167,0.922548,33,14.208
400,0.1,9211,8330,7960,1.273,78.61,0.6,0.586476,0.616379,0.6,0.920982,34,14.167
400,0.2,9211,7449,7120,1.287,78.61,0.591667,0.570893,0.621476,0.591667,1.016013,34,13.208
400,0.3,9211,6568,6280,1.285,78.61,0.095833,0.077703,0.065341,0.095833,1.372942,23,13.334
400,0.4,9211,5687,5440,1.279,78.61,0.4875,0.374621,0.304228,0.4875,1.481879,31,13.417
400,0.5,9211,4806,4600,1.274,78.61,0.395833,0.296528,0.237083,0.395833,1.532259,31,13.938
400,0.6,9211,3925,3760,1.315,195.2,0.004167,0.003922,0.003704,0.004167,1.864401,29,14.042
400,0.7,9211,3044,2920,1.279,78.61,0.6,0.543866,0.498241,0.6,1.191006,85,14.541
400,0.8,9211,2163,2080,1.277,78.61,0.008333,0.000138,6.9e-05,0.008333,2.079578,100,13.333
400,0.9,9211,1282,1240,1.276,78.61,0.0,0.0,0.0,0.0,2.198604,77,14.125
400,1.0,9211,0,0,1.292,78.61,0.0,0.0,0.0,0.0,2.397896,1,13.292
500,0.0,11511,11511,11000,1.311,81.78,0.625,0.609072,0.607949,0.625,0.928311,15,15.458
500,0.1,11511,10410,9950,1.299,81.78,0.629167,0.611422,0.607972,0.629167,0.935381,21,15.125
500,0.2,11511,9309,8900,1.296,81.78,0.620833,0.598067,0.590536,0.620833,0.94897,28,15.167
500,0.3,11511,8208,7850,1.303,81.78,0.6375,0.61924,0.61183,0.6375,0.936422,28,15.292
500,0.4,11511,7107,6800,1.312,81.78,0.579167,0.529214,0.487253,0.579167,1.074362,35,15.334
500,0.5,11511,6006,5750,1.303,81.78,0.3875,0.294293,0.247528,0.3875,1.605614,40,15.292
500,0.6,11511,4905,4700,1.301,81.78,0.508333,0.368178,0.288681,0.508333,1.594055,27,15.25
500,0.7,11511,3804,3650,1.307,81.78,0.504167,0.361931,0.282308,0.504167,1.660853,40,15.333
500,0.8,11511,2703,2600,1.298,81.78,0.0125,0.008016,0.00617,0.0125,2.162815,20,15.354
500,0.9,11511,1602,1550,1.339,197.96,0.1125,0.066176,0.046875,0.1125,2.199328,47,15.334
500,1.0,11511,0,0,1.306,81.78,0.0,0.0,0.0,0.0,2.397896,1,15.375
600,0.0,13811,13811,13200,1.553,78.61,0.6125,0.599555,0.607,0.6125,0.928303,15,15.896
600,0.1,13811,12490,11940,1.551,78.61,0.6375,0.625165,0.634451,0.6375,0.932849,22,15.709
600,0.2,13811,11169,10680,1.547,78.61,0.4625,0.381358,0.327581,0.4625,1.208495,23,15.667
600,0.3,13811,9848,9420,1.554,78.61,0.558333,0.49188,0.558701,0.558333,1.339712,23,15.917
600,0.4,13811,8527,8160,1.556,78.61,0.641667,0.629633,0.632543,0.641667,0.947236,23,15.938
600,0.5,13811,7206,6900,1.55,78.61,0.566667,0.51353,0.469505,0.566667,1.131223,47,15.708
600,0.6,13811,5885,5640,1.553,78.61,0.583333,0.532401,0.489653,0.583333,1.124143,47,15.645
600,0.7,13811,4564,4380,1.553,78.61,0.408333,0.285825,0.220208,0.408333,1.68867,47,16.021
600,0.8,13811,3243,3120,1.551,78.61,0.0125,0.009091,0.007143,0.0125,2.141682,35,15.834
600,0.9,13811,1922,1860,1.552,78.61,0.0,0.0,0.0,0.0,2.197332,100,15.896
600,1.0,13811,0,0,1.55,78.61,0.0,0.0,0.0,0.0,2.397896,1,15.792
700,0.0,16111,16111,15400,1.56,78.61,0.6375,0.628465,0.625202,0.6375,0.936002,12,16.855
700,0.1,16111,14570,13930,1.615,195.71,0.6375,0.624874,0.618903,0.6375,0.932917,22,16.854
700,0.2,16111,13029,12460,1.57,78.61,0.633333,0.624948,0.622774,0.633333,0.948378,22,16.833
700,0.3,16111,11488,10990,1.568,78.61,0.566667,0.52233,0.487675,0.566667,1.08114,35,16.646
700,0.4,16111,9947,9520,1.569,78.61,0.095833,0.074675,0.06117,0.095833,1.519654,45,17.0
700,0.5,16111,8406,8050,1.562,78.61,0.404167,0.308339,0.266759,0.404167,1.552468,40,17.042
700,0.6,16111,6865,6580,1.565,78.61,0.391667,0.249215,0.183254,0.391667,1.756265,38,16.875
700,0.7,16111,5336,5121,1.566,78.61,0.0,0.0,0.0,0.0,1.970825,87,17.375
700,0.8,16111,3783,3640,1.572,78.61,0.008333,0.005556,0.004167,0.008333,2.142296,25,17.041
700,0.9,16111,2242,2170,1.557,78.61,0.0,0.0,0.0,0.0,2.225281,69,16.667
700,1.0,16111,0,0,1.563,78.61,0.0,0.0,0.0,0.0,2.397896,1,17.0
800,0.0,18411,18411,17600,1.571,78.61,0.604167,0.595539,0.596846,0.604167,0.931879,13,18.833
800,0.1,18411,16650,15920,1.567,78.61,0.620833,0.61146,0.61306,0.620833,0.942554,15,19.0
800,0.2,18411,14889,14240,1.574,78.61,0.558333,0.520438,0.4886,0.558333,1.016952,25,19.0
800,0.3,18411,13128,12560,1.577,78.61,0.6125,0.601867,0.597667,0.6125,0.932988,25,19.417
800,0.4,18411,11367,10880,1.62,195.97,0.558333,0.495391,0.473411,0.558333,1.417025,19,18.917
800,0.5,18411,9606,9200,1.574,78.61,0.404167,0.308436,0.263744,0.404167,1.605999,29,18.708
800,0.6,18411,7845,7520,1.572,78.61,0.575,0.529595,0.491652,0.575,1.157257,35,19.084
800,0.7,18411,6084,5840,1.58,78.61,0.391667,0.281338,0.219505,0.391667,1.682199,26,18.791
800,0.8,18411,4323,4160,1.564,78.61,0.1125,0.071053,0.051923,0.1125,2.085276,74,19.063
800,0.9,18411,2562,2480,1.568,78.61,0.104167,0.059524,0.041667,0.104167,2.211969,36,18.75
800,1.0,18411,0,0,1.568,78.61,0.0,0.0,0.0,0.0,2.397896,1,18.875
900,0.0,20711,20711,19800,1.603,78.61,0.620833,0.614634,0.608914,0.620833,0.92466,16,19.458
900,0.1,20711,18730,17910,1.599,78.61,0.616667,0.608366,0.602944,0.616667,0.926824,18,20.083
900,0.2,20711,16749,16020,1.6,78.61,0.6125,0.596441,0.617325,0.6125,1.012748,26,19.542
900,0.3,20711,14768,14130,1.593,78.61,0.566667,0.531246,0.500273,0.566667,1.061732,26,19.542
900,0.4,20711,12787,12240,1.607,78.61,0.625,0.610274,0.596326,0.625,0.970426,29,19.834
900,0.5,20711,10806,10350,1.601,78.61,0.633333,0.615623,0.599616,0.633333,0.999474,29,19.667
900,0.6,20711,8825,8460,1.606,78.61,0.008333,0.006667,0.005556,0.008333,1.865599,17,19.792
900,0.7,20711,6844,6570,1.645,196.23,0.404167,0.279492,0.213601,0.404167,1.680442,35,19.458
900,0.8,20711,4863,4680,1.601,78.61,0.0,0.0,0.0,0.0,2.1061,34,19.542
900,0.9,20711,2882,2790,1.601,78.61,0.1125,0.066176,0.046875,0.1125,2.193047,45,19.584
900,1.0,20711,0,0,1.597,78.61,0.0,0.0,0.0,0.0,2.397896,1,19.792
1000,0.0,23011,23011,22000,1.604,78.61,0.625,0.618443,0.627277,0.625,0.930572,13,20.104
1000,0.1,23011,20810,19900,1.597,78.61,0.620833,0.611568,0.621932,0.620833,0.934886,13,20.021
1000,0.2,23011,18609,17800,1.594,78.61,0.6125,0.601321,0.611681,0.6125,0.944668,13,20.042
1000,0.3,23011,16408,15700,1.596,78.61,0.491667,0.354833,0.284112,0.491667,1.337821,15,20.125
1000,0.4,23011,14207,13600,1.606,78.61,0.404167,0.320371,0.28697,0.404167,1.509512,21,20.167
1000,0.5,23011,12006,11500,1.607,78.61,0.095833,0.075478,0.064465,0.095833,1.755694,13,20.375
1000,0.6,23011,9805,9400,1.61,78.61,0.4,0.287324,0.224176,0.4,1.601518,16,20.208
1000,0.7,23011,7604,7300,1.615,78.61,0.1125,0.076111,0.057514,0.1125,2.045162,17,19.666
1000,0.8,23011,5403,5200,1.602,78.61,0.3875,0.233229,0.166816,0.3875,1.859594,46,19.959
1000,0.9,23011,3202,3100,1.6,78.61,0.008333,0.005797,0.004444,0.008333,2.254372,25,20.25
1000,1.0,23011,0,0,1.661,196.49,0.0,0.0,0.0,0.0,2.397896,1,19.854
