gen	idx	N	D	K_hh	K_iter	alpha_ahebb	alpha_reflect	routing_mode	polarizer_alpha	accuracy	fitness	flops_M	params	best_epoch	elapsed_s	error
0	0	2048	16	2	5	0.0	0.5	delta_proj	1.5	0.954395	1.049834	0.983	67744	16	46.9	
0	1	2048	16	2	5	1.0	0.5	wpos_proj	1.5	0.937325	1.031057	0.983	67744	20	54.0	
0	2	2048	16	2	5	1.0	0.5	standard	0.0	0.927898	1.020688	0.983	67744	18	37.8	
0	3	2048	16	2	6	1.0	0.5	standard	0.0	0.917452	0.963325	1.180	67744	19	42.1	
0	4	4096	16	2	5	1.0	0.5	standard	0.0	0.949809	0.997299	1.966	135328	20	66.1	
0	5	2048	16	3	5	1.0	0.5	standard	0.0	0.911338	0.956904	1.475	67744	18	42.7	
0	6	2048	16	4	5	1.0	0.5	standard	0.0	0.882293	0.926408	1.966	67744	20	47.4	
0	7	2048	32	4	5	1.0	0.5	standard	0.0	0.862930	0.862930	3.932	133440	17	86.2	
0	8	2048	20	4	5	1.0	0.5	standard	0.0	0.865478	0.865478	2.458	84168	16	60.9	
0	9	4096	16	2	6	1.0	0.5	standard	0.0	0.937325	0.937325	2.359	135328	20	74.4	
0	10	2048	24	2	5	1.0	0.5	standard	0.0	0.901401	0.946471	1.475	100592	20	54.1	
0	11	2048	16	2	8	1.0	0.5	standard	0.0	0.918471	0.964395	1.573	67744	19	50.8	
0	12	4096	16	3	5	1.0	0.5	standard	0.0	0.937070	0.937070	2.949	135328	19	76.1	
0	13	2048	16	2	5	1.0	0.3	standard	0.0	0.909045	0.999949	0.983	67744	20	38.2	
0	14	2048	16	2	4	1.0	0.5	standard	0.0	0.895287	0.984815	0.786	67744	19	34.2	
0	15	2048	12	2	5	1.0	0.5	standard	0.0	0.913631	1.004994	0.737	51320	19	31.3	
0	16	4096	16	2	8	1.0	0.5	standard	0.0	0.930191	0.930191	3.146	135328	20	90.7	
0	17	2048	16	2	5	1.0	0.5	delta_proj	1.0	0.950573	1.045631	0.983	67744	19	51.5	
0	18	2048	16	2	6	1.0	0.5	wpos_proj	1.5	0.940382	0.987401	1.180	67744	20	61.9	
0	19	1024	16	2	5	1.0	0.5	standard	0.0	0.851465	0.936611	0.492	33952	19	24.4	
0	20	2048	16	2	6	1.0	0.5	delta_proj	0.0	0.923822	0.970013	1.180	67744	20	58.2	
0	21	2048	16	2	5	1.0	0.5	standard	0.0	0.910318	1.001350	0.983	67744	18	38.0	
0	22	2048	16	3	5	0.0	0.5	delta_proj	1.5	0.955924	1.003720	1.475	67744	20	56.8	
0	23	2048	16	2	5	1.0	0.5	standard	0.0	0.911847	1.003032	0.983	67744	19	38.0	
0	24	4096	16	2	5	1.0	0.5	delta_proj	1.0	0.951338	0.998904	1.966	135328	18	92.6	
0	25	4096	16	3	6	1.0	0.5	standard	0.0	0.943185	0.943185	3.539	135328	20	86.0	
0	26	2048	16	3	5	1.0	0.5	standard	0.0	0.909554	0.955032	1.475	67744	19	43.2	
0	27	2048	16	2	5	1.0	0.5	standard	1.5	0.909299	1.000229	0.983	67744	18	38.0	
0	28	4096	16	3	5	1.0	0.5	standard	0.0	0.930955	0.930955	2.949	135328	17	76.0	
0	29	4096	32	4	5	1.0	0.5	standard	0.0	0.922038	0.869218	7.864	266560	18	163.1	
0	30	1024	16	3	5	1.0	0.5	standard	0.0	0.836433	0.920076	0.737	33952	18	26.8	
0	31	2048	16	3	5	1.0	0.5	standard	0.0	0.903694	0.948879	1.475	67744	17	43.2	
0	32	2048	16	3	8	1.0	0.5	standard	0.0	0.917707	0.917707	2.359	67744	18	58.4	
0	33	2048	16	4	5	1.0	0.5	standard	1.5	0.878726	0.922662	1.966	67744	18	48.1	
0	34	4096	20	4	8	1.0	0.5	standard	0.0	0.945478	0.891315	7.864	168136	18	160.8	
0	35	2048	16	4	6	1.0	0.5	standard	0.0	0.894522	0.894522	2.359	67744	20	54.2	
0	36	2048	16	4	5	1.0	0.5	standard	1.5	0.890955	0.935503	1.966	67744	20	48.1	
0	37	4096	16	2	5	1.0	0.5	delta_proj	0.0	0.943949	0.991146	1.966	135328	20	92.9	
0	38	2048	16	2	8	1.0	0.3	standard	0.0	0.923822	0.970013	1.573	67744	20	50.7	
0	39	2048	16	4	5	1.0	0.5	standard	0.0	0.890701	0.935236	1.966	67744	20	48.1	
0	40	1024	32	2	5	1.0	0.5	standard	0.0	0.763822	0.840204	0.983	66880	20	39.4	
0	41	2048	16	4	5	1.0	0.5	standard	0.0	0.894013	0.938713	1.966	67744	18	48.4	
0	42	2048	12	2	8	1.0	0.5	delta_proj	0.0	0.894777	0.939516	1.180	51320	18	57.4	
0	43	4096	16	3	8	1.0	0.5	standard	0.0	0.936561	0.936561	4.719	135328	20	106.2	
0	44	4096	20	2	6	1.0	0.5	standard	1.0	0.945987	0.945987	2.949	168136	20	99.5	
0	45	4096	16	4	5	1.0	0.5	standard	0.0	0.921019	0.921019	3.932	135328	19	85.9	
0	46	2048	16	2	5	1.0	0.5	wpos_proj	0.5	0.921529	1.013682	0.983	67744	19	55.2	
0	47	2048	8	2	5	1.0	0.5	standard	0.5	0.891975	0.981172	0.492	34896	20	24.4	
0	48	4096	16	3	3	1.0	0.5	standard	0.0	0.915924	0.961720	1.769	135328	19	56.4	
0	49	1024	16	2	5	1.0	0.5	wpos_proj	0.0	0.835414	0.918955	0.492	33952	17	32.8	
1	0	2048	16	2	5	0.0	0.5	delta_proj	1.5	0.957452	1.053197	0.983	67744	19	47.8	
1	1	2048	16	2	5	1.0	0.5	delta_proj	1.0	0.945732	1.040306	0.983	67744	15	52.0	
1	2	2048	16	2	5	1.0	0.5	wpos_proj	1.5	0.947516	1.042267	0.983	67744	20	55.1	
1	3	2048	16	2	5	1.0	0.5	standard	0.0	0.904968	0.995465	0.983	67744	19	38.4	
1	4	2048	16	2	5	1.0	0.5	wpos_proj	0.5	0.924841	1.017325	0.983	67744	20	55.3	
1	5	2048	12	2	5	1.0	0.5	standard	0.0	0.904713	0.995185	0.737	51320	20	31.6	
1	6	2048	16	3	5	0.0	0.5	delta_proj	1.5	0.953121	1.000777	1.475	67744	18	57.2	
1	7	2048	16	2	5	1.0	0.5	standard	0.0	0.915669	1.007236	0.983	67744	19	38.5	
1	8	2048	16	2	5	1.0	0.5	standard	0.0	0.928153	1.020968	0.983	67744	20	38.5	
1	9	2048	16	2	5	1.0	0.5	standard	1.5	0.916688	1.008357	0.983	67744	20	38.5	
1	10	2048	16	2	5	1.0	0.3	standard	0.0	0.911083	1.002191	0.983	67744	19	38.5	
1	11	4096	16	2	5	1.0	0.5	delta_proj	1.0	0.956433	1.004255	1.966	135328	20	92.8	
1	12	4096	16	2	5	1.0	0.5	standard	0.0	0.937834	0.984726	1.966	135328	19	66.6	
1	13	4096	16	2	5	1.0	0.5	delta_proj	0.0	0.946242	0.993554	1.966	135328	20	92.8	
1	14	2048	16	2	6	1.0	0.5	wpos_proj	1.5	0.939108	0.986064	1.180	67744	20	62.5	
1	15	2048	16	2	4	1.0	0.5	standard	0.0	0.903949	0.994344	0.786	67744	19	34.4	
1	16	2048	8	2	5	1.0	0.5	standard	0.5	0.898599	0.988459	0.492	34896	20	24.3	
1	17	2048	16	2	6	1.0	0.5	delta_proj	0.0	0.926879	0.973223	1.180	67744	18	58.8	
1	18	2048	16	2	8	1.0	0.3	standard	0.0	0.931465	0.978038	1.573	67744	19	51.2	
1	19	2048	16	2	8	1.0	0.5	standard	0.0	0.919236	0.965197	1.573	67744	20	51.1	
1	20	2048	16	3	5	1.0	0.5	delta_proj	1.5	0.952102	0.999707	1.475	67744	20	64.0	
1	21	2048	16	2	5	0.0	0.5	delta_proj	1.5	0.953885	1.049274	0.983	67744	19	47.8	
1	22	4096	16	2	5	1.0	0.5	standard	0.0	0.942675	0.989809	1.966	135328	20	66.8	
1	23	2048	16	2	5	1.0	0.5	standard	0.0	0.912866	1.004153	0.983	67744	18	38.5	
1	24	2048	8	2	4	1.0	0.5	standard	0.0	0.895287	0.984815	0.393	34896	19	24.2	
1	25	2048	16	2	5	1.0	0.5	wpos_proj	0.5	0.929172	1.022089	0.983	67744	19	55.1	
1	26	4096	16	2	5	1.0	0.3	delta_proj	0.0	0.940127	0.987134	1.966	135328	18	93.0	
1	27	2048	16	2	5	0.0	0.5	delta_proj	0.0	0.179363	0.197299	0.983	67744	17	47.9	
1	28	2048	12	2	5	0.0	0.5	standard	1.5	0.250955	0.276051	0.737	51320	18	65.1	
1	29	2048	16	2	5	1.0	0.5	standard	0.0	0.917707	1.009478	0.983	67744	17	38.5	
1	30	2048	16	2	5	1.0	0.3	standard	0.0	0.920764	1.012841	0.983	67744	19	38.5	
1	31	2048	16	2	5	1.0	0.5	standard	0.0	0.916433	1.008076	0.983	67744	18	38.4	
1	32	4096	16	2	8	1.0	0.5	standard	0.0	0.940892	0.940892	3.146	135328	19	90.9	
1	33	2048	16	2	5	1.0	0.3	standard	0.0	0.912611	1.003873	0.983	67744	18	38.5	
1	34	2048	16	2	6	1.0	0.5	delta_proj	0.5	0.930191	0.976701	1.180	67744	19	58.8	
1	35	2048	16	3	5	0.0	0.5	delta_proj	1.5	0.956943	1.004790	1.475	67744	20	57.6	
1	36	2048	16	2	5	1.0	0.5	wpos_proj	1.5	0.944713	1.039185	0.983	67744	20	55.1	
1	37	2048	16	2	5	1.0	0.5	standard	0.0	0.914904	1.006395	0.983	67744	16	38.4	
1	38	2048	16	2	5	1.0	0.5	standard	0.0	0.916178	1.007796	0.983	67744	16	38.5	
1	39	2048	16	2	6	1.0	0.5	standard	1.5	0.914650	0.960382	1.180	67744	19	42.7	
1	40	2048	16	2	5	1.0	0.5	delta_proj	1.5	0.953376	1.048713	0.983	67744	19	52.0	
1	41	1024	16	2	5	1.0	0.5	standard	1.5	0.847643	0.932408	0.492	33952	20	24.4	
1	42	2048	16	2	5	0.0	0.0	standard	0.0	0.161274	0.177401	0.983	67744	20	76.9	
1	43	2048	16	2	5	1.0	0.5	standard	0.5	0.918471	1.010318	0.983	67744	19	38.5	
1	44	2048	16	3	5	0.0	0.5	wpos_proj	1.5	0.930191	0.976701	1.475	67744	17	62.2	
1	45	4096	16	2	8	1.0	0.3	standard	1.0	0.939363	0.939363	3.146	135328	20	91.0	
1	46	4096	16	2	8	0.0	0.3	wpos_proj	0.0	0.189045	0.189045	3.146	135328	18	129.0	
1	47	4096	16	2	5	1.0	0.5	wpos_proj	0.5	0.948535	0.995962	1.966	135328	20	99.0	
1	48	2048	16	2	4	0.5	0.5	standard	0.0	0.678471	0.746318	0.786	67744	20	34.6	
1	49	2048	16	2	4	1.0	0.5	wpos_proj	0.0	0.896815	0.986497	0.786	67744	19	47.7	
2	0	2048	16	2	5	0.0	0.5	delta_proj	1.5	0.958217	1.054038	0.983	67744	18	47.8	
2	1	2048	16	2	5	0.0	0.5	delta_proj	1.5	0.958981	1.054879	0.983	67744	19	47.8	
2	2	2048	16	2	5	1.0	0.5	delta_proj	1.5	0.946242	1.040866	0.983	67744	14	52.0	
2	3	2048	16	2	5	1.0	0.5	wpos_proj	1.5	0.946242	1.040866	0.983	67744	20	55.2	
2	4	2048	16	2	5	1.0	0.5	delta_proj	1.0	0.945987	1.040586	0.983	67744	16	52.0	
2	5	2048	16	2	5	1.0	0.5	wpos_proj	1.5	0.943694	1.038064	0.983	67744	20	55.3	
2	6	2048	16	2	5	1.0	0.5	wpos_proj	0.5	0.927898	1.020688	0.983	67744	20	55.1	
2	7	2048	16	2	5	1.0	0.5	standard	0.0	0.909299	1.000229	0.983	67744	18	38.7	
2	8	2048	16	2	5	1.0	0.5	wpos_proj	0.5	0.926369	1.019006	0.983	67744	19	55.2	
2	9	2048	16	2	5	1.0	0.3	standard	0.0	0.908026	0.998828	0.983	67744	16	38.6	
2	10	2048	16	2	5	1.0	0.5	standard	0.5	0.931465	1.024611	0.983	67744	20	38.6	
2	11	2048	16	2	5	1.0	0.5	standard	0.0	0.911338	1.002471	0.983	67744	18	38.7	
2	12	2048	16	2	5	1.0	0.5	standard	1.5	0.913631	1.004994	0.983	67744	20	38.6	
2	13	2048	16	2	5	1.0	0.5	standard	0.0	0.913376	1.004713	0.983	67744	20	38.6	
2	14	2048	16	2	5	1.0	0.5	standard	0.0	0.922293	1.014522	0.983	67744	17	38.7	
2	15	2048	16	2	5	1.0	0.5	standard	0.0	0.911083	1.002191	0.983	67744	18	38.7	
2	16	2048	16	2	5	1.0	0.5	standard	0.0	0.927389	1.020127	0.983	67744	20	38.7	
2	17	2048	16	3	5	0.0	0.5	delta_proj	1.5	0.957962	1.005860	1.475	67744	20	57.7	
2	18	4096	16	2	5	1.0	0.5	delta_proj	1.0	0.953121	1.000777	1.966	135328	18	93.0	
2	19	2048	16	2	5	1.0	0.5	standard	0.0	0.922803	1.015083	0.983	67744	20	38.7	
2	20	2048	16	2	5	1.0	0.5	wpos_proj	1.5	0.945223	1.039745	0.983	67744	17	55.2	
2	21	2048	16	2	5	1.0	0.5	wpos_proj	1.5	0.938344	1.032178	0.983	67744	20	55.2	
2	22	2048	16	2	5	1.0	0.5	wpos_proj	1.5	0.942675	1.036943	0.983	67744	20	55.3	
2	23	2048	16	2	5	1.0	0.5	delta_proj	1.5	0.949554	1.044510	0.983	67744	18	52.0	
2	24	2048	16	2	5	1.0	0.5	wpos_proj	1.0	0.926624	1.019287	0.983	67744	20	55.3	
2	25	2048	16	2	5	1.0	0.5	wpos_proj	1.5	0.942420	1.036662	0.983	67744	19	55.3	
2	26	2048	16	2	5	1.0	0.5	standard	1.5	0.926115	1.018726	0.983	67744	20	38.7	
2	27	2048	16	2	5	1.0	0.5	wpos_proj	1.5	0.931210	1.024331	0.983	67744	16	55.2	
2	28	2048	16	2	5	1.0	0.5	standard	0.0	0.926369	1.019006	0.983	67744	17	38.6	
2	29	2048	16	2	5	1.0	0.5	delta_proj	1.5	0.951338	1.046471	0.983	67744	20	52.0	
2	30	2048	16	2	5	1.0	0.5	standard	0.5	0.903185	0.993503	0.983	67744	18	38.7	
2	31	2048	16	2	5	0.0	0.5	delta_proj	0.0	0.197197	0.216917	0.983	67744	19	47.8	
2	32	2048	16	2	5	1.0	0.3	standard	0.0	0.901401	0.991541	0.983	67744	17	38.7	
2	33	2048	16	2	5	1.0	0.3	standard	0.0	0.917707	1.009478	0.983	67744	20	38.7	
2	34	2048	16	2	5	1.0	0.5	standard	0.5	0.909809	1.000790	0.983	67744	20	38.7	
2	35	2048	16	2	5	0.0	0.5	delta_proj	1.5	0.952357	1.047592	0.983	67744	20	47.9	
2	36	4096	16	2	5	1.0	0.5	delta_proj	1.0	0.951592	0.999172	1.966	135328	17	92.9	
2	37	2048	16	2	5	1.0	0.5	standard	1.5	0.911338	1.002471	0.983	67744	18	38.6	
2	38	2048	16	2	5	1.0	0.5	standard	0.0	0.914650	1.006115	0.983	67744	19	38.6	
2	39	2048	16	2	5	1.0	0.3	standard	0.0	0.903949	0.994344	0.983	67744	19	38.6	
2	40	4096	24	2	5	1.0	0.5	wpos_proj	2.0	0.952357	0.952357	2.949	200944	15	146.8	
2	41	2048	16	2	6	1.0	0.3	standard	0.0	0.916943	0.962790	1.180	67744	20	43.0	
2	42	4096	16	2	5	1.0	0.0	standard	1.0	0.922548	0.968675	1.966	135328	16	66.9	
2	43	2048	16	2	4	1.0	0.5	standard	0.0	0.892484	0.981732	0.786	67744	15	34.7	
2	44	2048	8	2	5	1.0	0.5	wpos_proj	0.5	0.899108	0.989019	0.492	34896	19	32.5	
2	45	2048	16	2	8	0.0	0.5	wpos_proj	1.5	0.952357	0.999975	1.573	67744	20	71.0	
2	46	2048	16	4	5	0.0	0.3	wpos_proj	0.0	0.169682	0.178166	1.966	67744	20	72.5	
2	47	2048	16	2	5	1.0	0.5	wpos_proj	0.0	0.919236	1.011159	0.983	67744	19	55.3	
2	48	1024	16	2	5	1.0	0.5	standard	0.5	0.841529	0.925682	0.492	33952	17	25.0	
2	49	4096	20	2	5	1.0	0.5	delta_proj	0.5	0.944713	0.944713	2.458	168136	20	122.5	
3	0	2048	16	2	5	0.0	0.5	delta_proj	1.5	0.955414	1.050955	0.983	67744	19	48.1	
3	1	2048	16	2	5	0.0	0.5	delta_proj	1.5	0.958471	1.054318	0.983	67744	19	48.0	
3	2	2048	16	2	5	0.0	0.5	delta_proj	1.5	0.951338	1.046471	0.983	67744	19	48.0	
3	3	2048	16	2	5	1.0	0.5	delta_proj	1.5	0.945478	1.040025	0.983	67744	19	52.2	
3	4	2048	16	2	5	1.0	0.5	delta_proj	1.5	0.948280	1.043108	0.983	67744	20	52.3	
3	5	2048	16	2	5	1.0	0.5	delta_proj	1.5	0.950318	1.045350	0.983	67744	15	52.3	
3	6	2048	16	2	5	1.0	0.5	wpos_proj	1.5	0.938599	1.032459	0.983	67744	20	55.3	
3	7	2048	16	2	5	1.0	0.5	delta_proj	1.0	0.941656	1.035822	0.983	67744	20	52.2	
3	8	2048	16	2	5	1.0	0.5	wpos_proj	1.5	0.940637	1.034701	0.983	67744	17	55.3	
3	9	2048	16	2	5	1.0	0.5	wpos_proj	1.5	0.939618	1.033580	0.983	67744	19	55.3	
3	10	2048	16	2	5	1.0	0.5	wpos_proj	1.5	0.946752	1.041427	0.983	67744	20	55.3	
3	11	2048	16	2	5	1.0	0.5	wpos_proj	1.5	0.947516	1.042267	0.983	67744	19	55.3	
3	12	2048	16	2	5	1.0	0.5	wpos_proj	1.5	0.944204	1.038624	0.983	67744	20	55.3	
3	13	2048	16	2	5	1.0	0.5	standard	0.5	0.919745	1.011720	0.983	67744	19	38.9	
3	14	2048	16	2	5	1.0	0.5	wpos_proj	1.5	0.941656	1.035822	0.983	67744	17	55.4	
3	15	2048	16	2	5	1.0	0.5	wpos_proj	0.5	0.916688	1.008357	0.983	67744	17	55.3	
3	16	2048	16	2	5	1.0	0.5	standard	0.0	0.920510	1.012561	0.983	67744	19	38.9	
3	17	2048	16	2	5	1.0	0.5	wpos_proj	1.0	0.929936	1.022930	0.983	67744	20	55.4	
3	18	2048	16	2	5	1.0	0.5	wpos_proj	0.5	0.920764	1.012841	0.983	67744	20	55.3	
3	19	2048	16	2	5	1.0	0.5	standard	0.0	0.922548	1.014803	0.983	67744	18	38.9	
3	20	2048	16	2	5	1.0	0.5	wpos_proj	0.5	0.922548	1.014803	0.983	67744	19	55.3	
3	21	2048	16	2	5	1.0	0.5	delta_proj	1.5	0.951592	1.046752	0.983	67744	20	52.3	
3	22	2048	16	2	5	1.0	0.5	wpos_proj	1.5	0.947006	1.041707	0.983	67744	20	55.3	
3	23	2048	16	2	5	1.0	0.5	wpos_proj	1.5	0.935032	1.028535	0.983	67744	19	55.3	
3	24	2048	16	2	5	1.0	0.5	wpos_proj	0.5	0.930446	1.023490	0.983	67744	18	55.3	
3	25	2048	16	2	5	1.0	0.5	wpos_proj	1.5	0.934268	1.027694	0.983	67744	20	55.3	
3	26	2048	16	2	5	1.0	0.5	wpos_proj	1.5	0.940382	1.034420	0.983	67744	20	55.3	
3	27	2048	16	2	5	1.0	0.5	wpos_proj	1.5	0.943694	1.038064	0.983	67744	20	55.3	
3	28	2048	16	2	5	1.0	0.5	wpos_proj	1.0	0.933248	1.026573	0.983	67744	20	55.3	
3	29	2048	16	2	5	1.0	0.5	delta_proj	1.5	0.946497	1.041147	0.983	67744	18	52.2	
3	30	2048	16	2	5	1.0	0.5	delta_proj	1.5	0.949299	1.044229	0.983	67744	20	52.2	
3	31	2048	16	2	5	1.0	0.5	wpos_proj	1.5	0.945987	1.040586	0.983	67744	18	55.3	
3	32	2048	16	2	5	1.0	0.5	delta_proj	1.5	0.949809	1.044790	0.983	67744	16	52.2	
3	33	2048	16	2	5	0.0	0.5	delta_proj	1.5	0.960764	1.056841	0.983	67744	18	48.1	
3	34	2048	16	2	5	1.0	0.5	standard	0.0	0.918471	1.010318	0.983	67744	20	38.8	
3	35	2048	16	2	5	1.0	0.5	delta_proj	1.0	0.941401	1.035541	0.983	67744	19	52.3	
3	36	2048	16	2	5	1.0	0.5	wpos_proj	1.5	0.938854	1.032739	0.983	67744	18	55.4	
3	37	2048	16	2	5	1.0	0.5	delta_proj	1.5	0.943694	1.038064	0.983	67744	18	52.2	
3	38	2048	16	2	5	1.0	0.5	delta_proj	0.5	0.939873	1.033860	0.983	67744	20	52.2	
3	39	2048	16	2	5	1.0	0.5	delta_proj	1.5	0.942930	1.037223	0.983	67744	19	52.3	
3	40	2048	16	2	4	1.0	0.5	standard	0.5	0.898344	0.988178	0.786	67744	18	34.7	
3	41	2048	16	2	5	0.0	0.5	delta_proj	1.0	0.950318	1.045350	0.983	67744	20	48.0	
3	42	2048	16	2	5	1.0	0.0	delta_proj	0.5	0.904204	0.994624	0.983	67744	19	52.2	
3	43	2048	16	2	8	0.0	0.5	delta_proj	1.5	0.960255	1.008268	1.573	67744	20	66.0	
3	44	2048	24	2	5	1.0	0.5	standard	1.0	0.907516	0.952892	1.475	100592	20	53.9	
3	45	2048	20	4	8	1.0	0.5	wpos_proj	1.5	0.957197	0.957197	3.932	84168	18	149.7	
3	46	1024	16	2	6	1.0	0.5	delta_proj	0.5	0.912866	1.004153	0.590	33952	20	35.4	
3	47	2048	16	2	3	0.0	0.0	wpos_proj	1.5	0.938854	1.032739	0.590	67744	20	37.5	
3	48	1024	16	2	5	0.0	0.5	delta_proj	0.0	0.223949	0.246344	0.492	33952	17	29.4	
3	49	2048	16	2	5	1.0	0.5	delta_proj	1.0	0.941911	1.036102	0.983	67744	20	51.9	
4	0	2048	16	2	5	0.0	0.5	delta_proj	1.5	0.956688	1.052357	0.983	67744	20	47.7	
4	1	2048	16	2	5	0.0	0.5	delta_proj	1.5	0.950828	1.045911	0.983	67744	18	46.1	
4	2	2048	16	2	5	0.0	0.5	delta_proj	1.5	0.960764	1.056841	0.983	67744	20	42.5	
4	3	2048	16	2	5	1.0	0.5	delta_proj	1.5	0.951592	1.046752	0.983	67744	16	46.7	
4	4	2048	16	2	5	0.0	0.5	delta_proj	1.5	0.956688	1.052357	0.983	67744	19	42.5	
4	5	2048	16	2	5	1.0	0.5	delta_proj	1.5	0.948790	1.043669	0.983	67744	17	46.7	
4	6	2048	16	2	5	0.0	0.5	delta_proj	1.0	0.955669	1.051236	0.983	67744	18	42.5	
4	7	2048	16	2	5	1.0	0.5	delta_proj	1.5	0.954650	1.050115	0.983	67744	16	46.7	
4	8	2048	16	2	5	1.0	0.5	delta_proj	1.5	0.950573	1.045631	0.983	67744	20	46.7	
4	9	2048	16	2	5	1.0	0.5	delta_proj	1.5	0.949554	1.044510	0.983	67744	18	46.7	
4	10	2048	16	2	5	1.0	0.5	wpos_proj	1.5	0.938854	1.032739	0.983	67744	19	49.7	
4	11	2048	16	2	5	1.0	0.5	wpos_proj	1.5	0.950064	1.045070	0.983	67744	20	49.7	
4	12	2048	16	2	5	1.0	0.5	wpos_proj	1.5	0.941911	1.036102	0.983	67744	18	49.7	
4	13	2048	16	2	5	1.0	0.5	delta_proj	1.5	0.953631	1.048994	0.983	67744	19	46.8	
4	14	2048	16	2	5	1.0	0.5	wpos_proj	1.5	0.942166	1.036382	0.983	67744	17	49.7	
4	15	2048	16	2	5	1.0	0.5	delta_proj	1.5	0.944968	1.039465	0.983	67744	17	46.7	
4	16	2048	16	2	5	1.0	0.5	wpos_proj	1.5	0.941911	1.036102	0.983	67744	20	49.7	
4	17	2048	16	2	5	1.0	0.5	wpos_proj	1.5	0.931210	1.024331	0.983	67744	20	49.7	
4	18	2048	16	2	5	1.0	0.5	delta_proj	1.5	0.950318	1.045350	0.983	67744	18	46.8	
4	19	2048	16	2	5	1.0	0.5	delta_proj	1.5	0.950828	1.045911	0.983	67744	20	46.8	
4	20	2048	16	2	5	1.0	0.5	wpos_proj	1.5	0.945223	1.039745	0.983	67744	17	49.7	
4	21	2048	16	2	5	1.0	0.5	delta_proj	1.5	0.949809	1.044790	0.983	67744	19	46.8	
4	22	2048	16	2	5	1.0	0.5	wpos_proj	1.5	0.942930	1.037223	0.983	67744	20	49.7	
4	23	2048	16	2	5	1.0	0.5	delta_proj	1.5	0.948025	1.042828	0.983	67744	17	46.7	
4	24	2048	16	2	5	1.0	0.5	delta_proj	1.5	0.949554	1.044510	0.983	67744	16	46.7	
4	25	2048	16	2	5	1.0	0.5	delta_proj	1.5	0.949045	1.043949	0.983	67744	19	46.8	
4	26	2048	16	2	5	0.0	0.5	delta_proj	1.5	0.956433	1.052076	0.983	67744	16	42.5	
4	27	2048	16	2	5	0.0	0.5	delta_proj	1.5	0.958726	1.054599	0.983	67744	20	42.5	
4	28	2048	16	2	5	0.0	0.5	delta_proj	1.5	0.955669	1.051236	0.983	67744	19	42.5	
4	29	2048	16	2	5	1.0	0.5	delta_proj	1.5	0.949045	1.043949	0.983	67744	20	46.7	
4	30	2048	16	2	5	1.0	0.5	delta_proj	1.5	0.948280	1.043108	0.983	67744	20	46.8	
4	31	2048	16	2	5	0.0	0.5	delta_proj	1.5	0.963057	1.059363	0.983	67744	19	42.5	
4	32	2048	16	2	5	1.0	0.5	delta_proj	1.5	0.949809	1.044790	0.983	67744	20	46.7	
4	33	2048	16	2	5	1.0	0.5	delta_proj	1.5	0.951338	1.046471	0.983	67744	18	46.8	
4	34	2048	16	2	5	1.0	0.5	delta_proj	1.5	0.951338	1.046471	0.983	67744	20	46.8	
4	35	2048	16	2	5	0.0	0.5	delta_proj	1.5	0.957962	1.053758	0.983	67744	20	42.5	
4	36	2048	16	2	5	1.0	0.5	wpos_proj	1.5	0.946497	1.041147	0.983	67744	20	49.7	
4	37	2048	16	2	5	0.0	0.5	delta_proj	1.5	0.956943	1.052637	0.983	67744	20	42.5	
4	38	2048	16	2	5	1.0	0.5	wpos_proj	1.0	0.932994	1.026293	0.983	67744	20	49.7	
4	39	2048	16	2	5	1.0	0.5	wpos_proj	1.5	0.936815	1.030497	0.983	67744	19	49.7	
4	40	4096	16	2	5	1.0	0.5	wpos_proj	1.5	0.954395	1.002115	1.966	135328	20	91.3	
4	41	2048	16	4	5	1.0	0.5	delta_proj	1.5	0.948025	0.995427	1.966	67744	16	67.9	
4	42	2048	16	2	6	0.0	0.5	delta_proj	1.5	0.954904	1.002650	1.180	67744	18	48.2	
4	43	1024	16	2	6	0.0	0.5	delta_proj	1.5	0.938344	1.032178	0.590	33952	18	28.4	
4	44	2048	16	2	5	1.0	0.3	wpos_proj	1.5	0.939363	1.033299	0.983	67744	18	49.7	
4	45	1024	16	4	5	1.0	0.5	delta_proj	1.5	0.934268	1.027694	0.983	33952	20	38.5	
4	46	2048	16	2	5	1.0	0.5	standard	1.5	0.919236	1.011159	0.983	67744	20	34.1	
4	47	2048	16	2	5	0.5	0.5	standard	1.5	0.736815	0.810497	0.983	67744	19	34.0	
4	48	2048	8	3	5	1.0	0.0	delta_proj	1.5	0.929682	1.022650	0.737	34896	20	33.0	
4	49	2048	16	3	6	1.0	0.5	standard	1.5	0.919236	0.965197	1.769	67744	18	43.5	
5	0	2048	16	2	5	0.0	0.5	delta_proj	1.5	0.959236	1.055159	0.983	67744	20	42.5	
5	1	2048	16	2	5	0.0	0.5	delta_proj	1.5	0.959236	1.055159	0.983	67744	20	42.5	
5	2	2048	16	2	5	0.0	0.5	delta_proj	1.5	0.954904	1.050395	0.983	67744	20	42.5	
5	3	2048	16	2	5	0.0	0.5	delta_proj	1.5	0.958471	1.054318	0.983	67744	20	42.5	
5	4	2048	16	2	5	0.0	0.5	delta_proj	1.5	0.952611	1.047873	0.983	67744	20	42.5	
5	5	2048	16	2	5	0.0	0.5	delta_proj	1.5	0.956688	1.052357	0.983	67744	18	42.5	
5	6	2048	16	2	5	0.0	0.5	delta_proj	1.5	0.959490	1.055439	0.983	67744	18	42.5	
5	7	2048	16	2	5	0.0	0.5	delta_proj	1.5	0.961019	1.057121	0.983	67744	20	42.5	
5	8	2048	16	2	5	0.0	0.5	delta_proj	1.0	0.952102	1.047312	0.983	67744	18	42.5	
5	9	2048	16	2	5	0.0	0.5	delta_proj	1.5	0.957452	1.053197	0.983	67744	20	42.5	
5	10	2048	16	2	5	1.0	0.5	delta_proj	1.5	0.950573	1.045631	0.983	67744	18	46.8	
5	11	2048	16	2	5	1.0	0.5	delta_proj	1.5	0.949045	1.043949	0.983	67744	20	46.8	
5	12	2048	16	2	5	1.0	0.5	delta_proj	1.5	0.945732	1.040306	0.983	67744	19	46.8	
5	13	2048	16	2	5	1.0	0.5	delta_proj	1.5	0.949554	1.044510	0.983	67744	20	46.8	
5	14	2048	16	2	5	1.0	0.5	delta_proj	1.5	0.949299	1.044229	0.983	67744	19	46.8	
5	15	2048	16	2	5	0.0	0.5	delta_proj	1.5	0.957197	1.052917	0.983	67744	19	42.5	
5	16	2048	16	2	5	1.0	0.5	delta_proj	1.5	0.948535	1.043389	0.983	67744	19	46.8	
5	17	2048	16	2	5	1.0	0.5	delta_proj	1.5	0.952357	1.047592	0.983	67744	20	46.8	
5	18	2048	16	2	5	1.0	0.5	delta_proj	1.5	0.945987	1.040586	0.983	67744	20	46.8	
5	19	2048	16	2	5	1.0	0.5	wpos_proj	1.5	0.939873	1.033860	0.983	67744	19	53.0	
5	20	2048	16	2	5	0.0	0.5	delta_proj	1.5	0.957707	1.053478	0.983	67744	20	49.0	
5	21	2048	16	2	5	1.0	0.5	wpos_proj	1.5	0.939618	1.033580	0.983	67744	19	56.3	
5	22	2048	16	2	5	0.0	0.5	delta_proj	1.5	0.957197	1.052917	0.983	67744	20	49.0	
5	23	2048	16	2	5	1.0	0.5	delta_proj	1.5	0.953121	1.048433	0.983	67744	20	50.8	
5	24	2048	16	2	5	0.0	0.5	wpos_proj	1.5	0.943439	1.037783	0.983	67744	17	45.7	
5	25	2048	16	2	5	1.0	0.5	delta_proj	1.5	0.948280	1.043108	0.983	67744	19	46.8	
5	26	2048	16	2	5	0.0	0.5	delta_proj	1.5	0.954650	1.050115	0.983	67744	20	42.5	
5	27	2048	16	2	5	1.0	0.5	delta_proj	1.5	0.946497	1.041147	0.983	67744	20	46.8	
5	28	2048	16	2	5	0.0	0.5	delta_proj	1.5	0.960510	1.056560	0.983	67744	20	42.5	
5	29	2048	16	2	5	1.0	0.5	delta_proj	1.5	0.947261	1.041987	0.983	67744	20	50.8	
5	30	2048	16	2	5	1.0	0.5	delta_proj	1.5	0.948280	1.043108	0.983	67744	20	49.4	
5	31	2048	16	2	5	1.0	0.5	delta_proj	1.5	0.943949	1.038344	0.983	67744	18	46.8	
5	32	2048	16	2	5	1.0	0.5	delta_proj	1.5	0.947261	1.041987	0.983	67744	18	46.8	
5	33	2048	16	2	5	0.0	0.5	delta_proj	1.5	0.955669	1.051236	0.983	67744	18	42.5	
5	34	2048	16	2	5	1.0	0.5	delta_proj	1.5	0.948025	1.042828	0.983	67744	19	46.8	
5	35	2048	16	2	5	1.0	0.5	delta_proj	1.5	0.950828	1.045911	0.983	67744	20	46.8	
5	36	2048	16	2	5	1.0	0.5	delta_proj	1.5	0.953376	1.048713	0.983	67744	20	46.8	
5	37	2048	16	2	5	1.0	0.5	wpos_proj	1.5	0.938854	1.032739	0.983	67744	20	49.7	
5	38	2048	16	2	5	0.0	0.5	delta_proj	1.5	0.954650	1.050115	0.983	67744	19	42.5	
5	39	2048	16	2	5	1.0	0.5	delta_proj	1.5	0.946497	1.041147	0.983	67744	19	46.8	
5	40	2048	16	3	5	1.0	0.3	delta_proj	1.5	0.946242	0.993554	1.475	67744	20	57.5	
5	41	1024	16	2	8	0.0	0.5	wpos_proj	1.5	0.927643	1.020408	0.786	33952	19	37.3	
5	42	4096	16	3	5	0.0	0.5	delta_proj	0.0	0.180892	0.180892	2.949	135328	17	95.0	
5	43	4096	32	2	5	1.0	0.3	delta_proj	1.5	0.958217	0.958217	3.932	266560	15	164.8	
5	44	2048	16	2	3	0.0	0.0	delta_proj	0.5	0.925350	1.017885	0.590	67744	19	31.4	
5	45	2048	16	2	5	0.0	0.5	delta_proj	1.5	0.953885	1.049274	0.983	67744	16	42.7	
5	46	4096	16	2	5	0.0	0.5	delta_proj	1.5	0.968662	1.017096	1.966	135328	17	77.4	
5	47	2048	16	2	5	0.5	0.5	wpos_proj	1.0	0.944459	1.038904	0.983	67744	20	49.9	
5	48	2048	16	2	5	0.0	0.0	wpos_proj	1.5	0.937325	1.031057	0.983	67744	16	45.8	
5	49	2048	16	2	5	0.0	0.3	delta_proj	1.0	0.954650	1.050115	0.983	67744	16	42.7	
6	0	2048	16	2	5	0.0	0.5	delta_proj	1.5	0.957707	1.053478	0.983	67744	17	42.7	
6	1	2048	16	2	5	0.0	0.5	delta_proj	1.5	0.954395	1.049834	0.983	67744	18	42.7	
6	2	2048	16	2	5	0.0	0.5	delta_proj	1.5	0.955924	1.051516	0.983	67744	19	42.7	
6	3	2048	16	2	5	0.0	0.5	delta_proj	1.5	0.955924	1.051516	0.983	67744	20	42.7	
6	4	2048	16	2	5	0.0	0.5	delta_proj	1.5	0.958471	1.054318	0.983	67744	17	42.7	
6	5	2048	16	2	5	0.0	0.5	delta_proj	1.5	0.955924	1.051516	0.983	67744	20	42.7	
6	6	2048	16	2	5	0.0	0.5	delta_proj	1.5	0.956688	1.052357	0.983	67744	20	42.7	
6	7	2048	16	2	5	0.0	0.5	delta_proj	1.5	0.956943	1.052637	0.983	67744	20	42.7	
6	8	2048	16	2	5	0.0	0.5	delta_proj	1.5	0.957197	1.052917	0.983	67744	18	42.7	
6	9	2048	16	2	5	0.0	0.5	delta_proj	1.5	0.955924	1.051516	0.983	67744	19	42.7	
6	10	2048	16	2	5	0.0	0.5	delta_proj	1.5	0.958217	1.054038	0.983	67744	20	42.7	
6	11	2048	16	2	5	0.0	0.5	delta_proj	1.5	0.958471	1.054318	0.983	67744	19	42.7	
6	12	2048	16	2	5	0.0	0.5	delta_proj	1.5	0.959490	1.055439	0.983	67744	20	42.7	
6	13	2048	16	2	5	0.0	0.5	delta_proj	1.5	0.955669	1.051236	0.983	67744	19	42.7	
6	14	2048	16	2	5	0.0	0.5	delta_proj	1.5	0.954904	1.050395	0.983	67744	17	42.7	
6	15	2048	16	2	5	0.0	0.3	delta_proj	1.0	0.947516	1.042267	0.983	67744	20	42.7	
6	16	2048	16	2	5	0.0	0.5	delta_proj	1.5	0.958981	1.054879	0.983	67744	17	42.7	
6	17	2048	16	2	5	1.0	0.5	delta_proj	1.5	0.954395	1.049834	0.983	67744	19	47.3	
6	18	2048	16	2	5	1.0	0.5	delta_proj	1.5	0.944968	1.039465	0.983	67744	19	52.1	
6	19	2048	16	2	5	0.0	0.5	delta_proj	1.5	0.954650	1.050115	0.983	67744	20	48.0	
6	20	2048	16	2	5	0.0	0.5	delta_proj	1.5	0.952102	1.047312	0.983	67744	20	48.3	
6	21	2048	16	2	5	0.0	0.5	delta_proj	1.5	0.955924	1.051516	0.983	67744	17	48.6	
6	22	2048	16	2	5	0.0	0.5	delta_proj	1.5	0.955159	1.050675	0.983	67744	17	48.5	
6	23	2048	16	2	5	0.0	0.5	delta_proj	1.5	0.954395	1.049834	0.983	67744	20	48.3	
6	24	2048	16	2	5	0.0	0.5	delta_proj	1.5	0.956433	1.052076	0.983	67744	17	48.5	
6	25	2048	16	2	5	0.0	0.5	delta_proj	1.5	0.956178	1.051796	0.983	67744	20	48.6	
6	26	2048	16	2	5	0.0	0.5	delta_proj	1.5	0.961274	1.057401	0.983	67744	20	43.2	
6	27	2048	16	2	5	0.0	0.5	delta_proj	1.5	0.962038	1.058242	0.983	67744	18	42.7	
6	28	2048	16	2	5	0.0	0.5	delta_proj	1.5	0.957197	1.052917	0.983	67744	20	42.7	
6	29	2048	16	2	5	0.0	0.5	delta_proj	1.5	0.956943	1.052637	0.983	67744	20	42.7	
6	30	2048	16	2	5	0.0	0.5	delta_proj	1.5	0.956688	1.052357	0.983	67744	17	42.7	
6	31	2048	16	2	5	0.0	0.5	delta_proj	1.5	0.955414	1.050955	0.983	67744	20	42.7	
6	32	2048	16	2	5	0.0	0.5	delta_proj	1.5	0.960510	1.056560	0.983	67744	20	42.7	
6	33	2048	16	2	5	1.0	0.5	delta_proj	1.5	0.952357	1.047592	0.983	67744	19	47.0	
6	34	2048	16	2	5	0.0	0.5	delta_proj	1.5	0.956688	1.052357	0.983	67744	20	42.7	
6	35	2048	16	2	5	0.0	0.3	delta_proj	1.5	0.958471	1.054318	0.983	67744	20	42.7	
6	36	2048	16	2	5	0.0	0.5	delta_proj	1.0	0.957197	1.052917	0.983	67744	20	42.7	
6	37	2048	16	2	5	0.0	0.5	delta_proj	1.5	0.957962	1.053758	0.983	67744	18	42.7	
6	38	2048	16	2	5	0.0	0.5	delta_proj	1.5	0.958981	1.054879	0.983	67744	20	42.7	
6	39	2048	16	2	5	0.0	0.5	delta_proj	1.5	0.955669	1.051236	0.983	67744	20	42.7	
6	40	2048	8	2	6	0.0	0.5	delta_proj	1.5	0.953631	1.048994	0.590	34896	17	28.2	
6	41	2048	16	2	5	1.0	0.5	delta_proj	2.0	0.950573	1.045631	0.983	67744	16	47.0	
6	42	2048	24	2	5	1.0	0.5	delta_proj	1.5	0.947771	0.995159	1.475	100592	20	67.5	
6	43	2048	16	2	5	0.0	0.3	wpos_proj	1.5	0.941656	1.035822	0.983	67744	18	45.9	
6	44	1024	16	2	5	1.0	0.5	delta_proj	1.5	0.933248	1.026573	0.492	33952	19	27.6	
6	45	2048	32	2	8	1.0	0.5	delta_proj	1.5	0.954140	0.954140	3.146	133440	12	133.3	
6	46	2048	8	2	5	1.0	0.5	delta_proj	2.0	0.935541	1.029096	0.492	34896	20	32.2	
6	47	2048	16	2	5	0.0	0.0	standard	1.5	0.196688	0.216357	0.983	67744	19	77.3	
6	48	1024	16	2	5	0.5	0.5	standard	1.5	0.603567	0.663924	0.492	33952	20	25.2	
6	49	2048	20	2	5	0.0	0.5	delta_proj	0.5	0.940892	0.987936	1.229	84168	19	61.2	
7	0	2048	16	2	5	0.0	0.5	delta_proj	1.5	0.958726	1.054599	0.983	67744	18	48.7	
7	1	2048	16	2	5	0.0	0.5	delta_proj	1.5	0.958981	1.054879	0.983	67744	18	45.5	
7	2	2048	16	2	5	0.0	0.5	delta_proj	1.5	0.958981	1.054879	0.983	67744	19	42.7	
7	3	2048	16	2	5	0.0	0.5	delta_proj	1.5	0.957197	1.052917	0.983	67744	19	42.7	
7	4	2048	16	2	5	0.0	0.5	delta_proj	1.5	0.954395	1.049834	0.983	67744	17	42.7	
7	5	2048	16	2	5	0.0	0.5	delta_proj	1.5	0.959236	1.055159	0.983	67744	20	42.7	
7	6	2048	16	2	5	0.0	0.5	delta_proj	1.5	0.958471	1.054318	0.983	67744	19	42.7	
7	7	2048	16	2	5	0.0	0.5	delta_proj	1.5	0.958726	1.054599	0.983	67744	18	42.7	
7	8	2048	16	2	5	0.0	0.3	delta_proj	1.5	0.956943	1.052637	0.983	67744	18	42.7	
7	9	2048	16	2	5	0.0	0.5	delta_proj	1.5	0.955414	1.050955	0.983	67744	18	42.7	
7	10	2048	16	2	5	0.0	0.5	delta_proj	1.5	0.957707	1.053478	0.983	67744	20	42.7	
7	11	2048	16	2	5	0.0	0.5	delta_proj	1.5	0.955924	1.051516	0.983	67744	20	42.7	
7	12	2048	16	2	5	0.0	0.5	delta_proj	1.5	0.953631	1.048994	0.983	67744	19	42.7	
7	13	2048	16	2	5	0.0	0.5	delta_proj	1.5	0.957452	1.053197	0.983	67744	20	42.7	
7	14	2048	16	2	5	0.0	0.5	delta_proj	1.0	0.952611	1.047873	0.983	67744	19	42.7	
7	15	2048	16	2	5	0.0	0.5	delta_proj	1.5	0.958981	1.054879	0.983	67744	19	42.7	
7	16	2048	16	2	5	0.0	0.5	delta_proj	1.5	0.954650	1.050115	0.983	67744	20	42.8	
7	17	2048	16	2	5	0.0	0.5	delta_proj	1.5	0.956433	1.052076	0.983	67744	16	42.8	
7	18	2048	16	2	5	0.0	0.5	delta_proj	1.5	0.958726	1.054599	0.983	67744	19	42.8	
7	19	2048	16	2	5	0.0	0.5	delta_proj	1.5	0.955924	1.051516	0.983	67744	20	42.7	
7	20	2048	16	2	5	0.0	0.5	delta_proj	1.5	0.961019	1.057121	0.983	67744	20	42.7	
7	21	2048	16	2	5	0.0	0.5	delta_proj	1.5	0.957962	1.053758	0.983	67744	20	42.7	
7	22	2048	16	2	5	0.0	0.5	delta_proj	1.5	0.954140	1.049554	0.983	67744	20	42.7	
7	23	2048	16	2	5	0.0	0.5	delta_proj	1.0	0.954650	1.050115	0.983	67744	19	42.7	
7	24	2048	16	2	5	0.0	0.5	delta_proj	1.5	0.960255	1.056280	0.983	67744	20	42.7	
7	25	2048	16	2	5	0.0	0.5	delta_proj	1.5	0.956688	1.052357	0.983	67744	20	42.7	
7	26	2048	16	2	5	0.0	0.5	delta_proj	1.5	0.955159	1.050675	0.983	67744	20	42.7	
7	27	2048	16	2	5	0.0	0.5	delta_proj	1.5	0.962293	1.058522	0.983	67744	17	42.7	
7	28	2048	16	2	5	0.0	0.5	delta_proj	1.5	0.961019	1.057121	0.983	67744	20	42.7	
7	29	2048	16	2	5	0.0	0.5	delta_proj	1.5	0.959236	1.055159	0.983	67744	18	42.7	
7	30	2048	16	2	5	0.0	0.5	delta_proj	1.5	0.953885	1.049274	0.983	67744	20	42.7	
7	31	2048	16	2	5	0.0	0.5	delta_proj	1.5	0.955924	1.051516	0.983	67744	19	42.7	
7	32	2048	16	2	5	0.0	0.5	delta_proj	1.5	0.956943	1.052637	0.983	67744	18	42.7	
7	33	2048	16	2	5	0.0	0.3	delta_proj	1.5	0.951847	1.047032	0.983	67744	20	42.7	
7	34	2048	16	2	5	0.0	0.5	delta_proj	1.5	0.957452	1.053197	0.983	67744	17	42.7	
7	35	2048	16	2	5	0.0	0.5	delta_proj	1.5	0.957452	1.053197	0.983	67744	20	42.7	
7	36	2048	16	2	5	0.0	0.3	delta_proj	1.5	0.955924	1.051516	0.983	67744	17	42.7	
7	37	2048	16	2	5	0.0	0.5	delta_proj	1.5	0.957962	1.053758	0.983	67744	20	42.7	
7	38	2048	16	2	5	0.0	0.5	delta_proj	1.5	0.958217	1.054038	0.983	67744	18	42.7	
7	39	2048	16	2	5	0.0	0.5	delta_proj	1.5	0.955924	1.051516	0.983	67744	20	42.7	
7	40	2048	16	2	8	1.0	0.0	delta_proj	1.5	0.927389	0.973758	1.573	67744	19	66.3	
7	41	2048	16	4	5	1.0	0.5	delta_proj	1.5	0.952866	1.000510	1.966	67744	17	68.3	
7	42	2048	16	2	5	0.0	0.5	delta_proj	1.0	0.954395	1.049834	0.983	67744	17	42.8	
7	43	2048	16	2	5	0.5	0.5	standard	1.5	0.737325	0.811057	0.983	67744	20	34.3	
7	44	4096	16	2	5	0.0	0.5	delta_proj	1.5	0.964586	1.012815	1.966	135328	20	77.3	
7	45	1024	8	2	5	1.0	0.5	delta_proj	1.5	0.912866	1.004153	0.246	17488	19	22.4	
7	46	2048	16	3	5	0.0	0.5	wpos_proj	1.5	0.941911	0.989006	1.475	67744	19	55.8	
7	47	2048	16	2	5	0.0	0.5	wpos_proj	2.0	0.938854	1.032739	0.983	67744	20	45.8	
7	48	2048	16	3	5	0.0	0.0	delta_proj	2.0	0.947261	0.994624	1.475	67744	20	51.2	
7	49	2048	16	2	3	0.0	0.5	delta_proj	1.5	0.954904	1.050395	0.590	67744	18	31.4	
8	0	2048	16	2	5	0.0	0.5	delta_proj	1.5	0.954650	1.050115	0.983	67744	18	42.7	
8	1	2048	16	2	5	0.0	0.5	delta_proj	1.5	0.955159	1.050675	0.983	67744	18	42.7	
8	2	2048	16	2	5	0.0	0.5	delta_proj	1.5	0.956688	1.052357	0.983	67744	19	42.7	
8	3	2048	16	2	5	0.0	0.5	delta_proj	1.5	0.957452	1.053197	0.983	67744	19	42.7	
8	4	2048	16	2	5	0.0	0.5	delta_proj	1.5	0.956688	1.052357	0.983	67744	19	42.7	
8	5	2048	16	2	5	0.0	0.5	delta_proj	1.5	0.958471	1.054318	0.983	67744	19	42.7	
8	6	2048	16	2	5	0.0	0.5	delta_proj	1.5	0.956688	1.052357	0.983	67744	20	42.7	
8	7	2048	16	2	5	0.0	0.5	delta_proj	1.5	0.956943	1.052637	0.983	67744	17	42.7	
8	8	2048	16	2	5	0.0	0.5	delta_proj	1.5	0.953376	1.048713	0.983	67744	17	42.7	
8	9	2048	16	2	5	0.0	0.5	delta_proj	1.5	0.957707	1.053478	0.983	67744	19	42.7	
8	10	2048	16	2	5	0.0	0.5	delta_proj	1.5	0.953121	1.048433	0.983	67744	20	42.7	
8	11	2048	16	2	5	0.0	0.5	delta_proj	1.5	0.961274	1.057401	0.983	67744	17	42.7	
8	12	2048	16	2	5	0.0	0.5	delta_proj	1.5	0.955924	1.051516	0.983	67744	19	42.7	
8	13	2048	16	2	5	0.0	0.5	delta_proj	1.5	0.960000	1.056000	0.983	67744	19	42.7	
8	14	2048	16	2	5	0.0	0.5	delta_proj	1.5	0.959236	1.055159	0.983	67744	18	42.7	
8	15	2048	16	2	5	0.0	0.5	delta_proj	1.5	0.958471	1.054318	0.983	67744	20	42.7	
8	16	2048	16	2	5	0.0	0.5	delta_proj	1.5	0.959745	1.055720	0.983	67744	18	42.7	
8	17	2048	16	2	5	0.0	0.5	delta_proj	1.5	0.959745	1.055720	0.983	67744	20	42.7	
8	18	2048	16	2	5	0.0	0.5	delta_proj	1.5	0.956178	1.051796	0.983	67744	19	42.7	
8	19	2048	16	2	5	0.0	0.5	delta_proj	1.5	0.962038	1.058242	0.983	67744	20	42.7	
8	20	2048	16	2	5	0.0	0.5	delta_proj	1.5	0.957452	1.053197	0.983	67744	19	42.7	
8	21	2048	16	2	5	0.0	0.5	delta_proj	1.5	0.958726	1.054599	0.983	67744	19	42.7	
8	22	2048	16	2	5	0.0	0.5	delta_proj	1.5	0.958471	1.054318	0.983	67744	17	42.7	
8	23	2048	16	2	5	0.0	0.5	delta_proj	1.5	0.962038	1.058242	0.983	67744	20	42.7	
8	24	2048	16	2	5	0.0	0.5	delta_proj	1.5	0.955414	1.050955	0.983	67744	20	42.7	
8	25	2048	16	2	5	0.0	0.5	delta_proj	1.5	0.956178	1.051796	0.983	67744	20	42.7	
8	26	2048	16	2	5	0.0	0.5	delta_proj	1.5	0.955924	1.051516	0.983	67744	19	42.7	
8	27	2048	16	2	5	0.0	0.5	delta_proj	1.5	0.958981	1.054879	0.983	67744	19	42.7	
8	28	2048	16	2	5	0.0	0.5	delta_proj	1.5	0.957197	1.052917	0.983	67744	20	42.7	
8	29	2048	16	2	5	0.0	0.5	delta_proj	1.5	0.953121	1.048433	0.983	67744	14	42.7	
8	30	2048	16	2	5	0.0	0.5	delta_proj	1.5	0.960764	1.056841	0.983	67744	20	42.7	
8	31	2048	16	2	5	0.0	0.5	delta_proj	1.5	0.957452	1.053197	0.983	67744	20	42.7	
8	32	2048	16	2	5	0.0	0.5	delta_proj	1.5	0.960255	1.056280	0.983	67744	20	42.7	
8	33	2048	16	2	5	0.0	0.5	delta_proj	1.5	0.956688	1.052357	0.983	67744	19	42.7	
8	34	2048	16	2	5	0.0	0.5	delta_proj	1.5	0.958981	1.054879	0.983	67744	20	42.7	
8	35	2048	16	2	5	0.0	0.5	delta_proj	1.5	0.957962	1.053758	0.983	67744	20	42.7	
8	36	2048	16	2	5	0.0	0.5	delta_proj	1.5	0.953376	1.048713	0.983	67744	20	42.7	
8	37	2048	16	2	5	0.0	0.5	delta_proj	1.5	0.952611	1.047873	0.983	67744	17	42.7	
8	38	2048	16	2	5	0.0	0.5	delta_proj	1.5	0.956433	1.052076	0.983	67744	19	42.7	
8	39	2048	16	2	5	0.0	0.5	delta_proj	1.5	0.953885	1.049274	0.983	67744	19	42.7	
8	40	4096	12	2	5	0.5	0.5	delta_proj	1.5	0.964841	1.013083	1.475	102520	20	66.5	
8	41	2048	20	2	5	0.0	0.5	delta_proj	1.5	0.958726	1.006662	1.229	84168	17	54.3	
8	42	1024	12	3	5	0.0	0.5	delta_proj	1.5	0.933248	1.026573	0.553	25720	17	24.6	
8	43	2048	16	2	5	0.5	0.5	delta_proj	1.5	0.958471	1.054318	0.983	67744	20	47.0	
8	44	2048	16	2	5	0.0	0.5	wpos_proj	1.5	0.942930	1.037223	0.983	67744	19	45.8	
8	45	2048	16	3	5	0.0	0.0	wpos_proj	1.5	0.935032	0.981783	1.475	67744	19	55.8	
8	46	2048	16	2	3	0.0	0.5	wpos_proj	1.5	0.940637	1.034701	0.590	67744	20	33.3	
8	47	2048	16	4	5	0.0	0.5	standard	1.0	0.192611	0.202242	1.966	67744	20	75.3	
8	48	2048	16	2	5	0.0	0.3	delta_proj	1.5	0.954140	1.049554	0.983	67744	16	42.7	
8	49	2048	16	2	5	0.0	0.5	standard	1.5	0.116943	0.128637	0.983	67744	18	70.4	
9	0	2048	16	2	5	0.0	0.5	delta_proj	1.5	0.953631	1.048994	0.983	67744	17	42.7	
9	1	2048	16	2	5	0.0	0.5	delta_proj	1.5	0.955669	1.051236	0.983	67744	15	42.7	
9	2	2048	16	2	5	0.0	0.5	delta_proj	1.5	0.954140	1.049554	0.983	67744	19	42.7	
9	3	2048	16	2	5	0.0	0.5	delta_proj	1.5	0.954904	1.050395	0.983	67744	19	42.7	
9	4	2048	16	2	5	0.0	0.5	delta_proj	1.5	0.959236	1.055159	0.983	67744	20	42.7	
9	5	2048	16	2	5	0.0	0.5	delta_proj	1.5	0.956943	1.052637	0.983	67744	20	42.7	
9	6	2048	16	2	5	0.0	0.5	delta_proj	1.5	0.954140	1.049554	0.983	67744	19	42.7	
9	7	2048	16	2	5	0.0	0.5	delta_proj	1.5	0.956433	1.052076	0.983	67744	19	42.7	
9	8	2048	16	2	5	0.0	0.5	delta_proj	1.5	0.958726	1.054599	0.983	67744	20	42.7	
9	9	2048	16	2	5	0.0	0.5	delta_proj	1.5	0.953631	1.048994	0.983	67744	20	42.7	
9	10	2048	16	2	5	0.0	0.5	delta_proj	1.5	0.961019	1.057121	0.983	67744	20	42.7	
9	11	2048	16	2	5	0.0	0.5	delta_proj	1.5	0.957452	1.053197	0.983	67744	19	42.7	
9	12	2048	16	2	5	0.0	0.5	delta_proj	1.5	0.954140	1.049554	0.983	67744	20	42.7	
9	13	2048	16	2	5	0.0	0.5	delta_proj	1.5	0.955414	1.050955	0.983	67744	17	42.7	
9	14	2048	16	2	5	0.0	0.5	delta_proj	1.5	0.950064	1.045070	0.983	67744	17	42.7	
9	15	2048	16	2	5	0.5	0.5	delta_proj	1.5	0.955669	1.051236	0.983	67744	19	47.0	
9	16	2048	16	2	5	0.0	0.5	delta_proj	1.5	0.951847	1.047032	0.983	67744	18	42.7	
9	17	2048	16	2	5	0.0	0.5	delta_proj	1.5	0.958471	1.054318	0.983	67744	19	42.7	
9	18	2048	16	2	5	0.0	0.5	delta_proj	1.5	0.953376	1.048713	0.983	67744	20	42.7	
9	19	2048	16	2	5	0.0	0.5	delta_proj	1.5	0.957962	1.053758	0.983	67744	19	42.7	
9	20	2048	16	2	5	0.0	0.5	delta_proj	1.5	0.957452	1.053197	0.983	67744	19	42.7	
9	21	2048	16	2	5	0.0	0.5	delta_proj	1.5	0.953121	1.048433	0.983	67744	20	42.7	
9	22	2048	16	2	5	0.0	0.5	delta_proj	1.5	0.954904	1.050395	0.983	67744	19	42.7	
9	23	2048	16	2	5	0.0	0.5	delta_proj	1.5	0.959236	1.055159	0.983	67744	20	42.7	
9	24	2048	16	2	5	0.0	0.5	delta_proj	1.5	0.958981	1.054879	0.983	67744	17	42.7	
9	25	2048	16	2	5	0.0	0.5	delta_proj	1.5	0.957452	1.053197	0.983	67744	20	42.7	
9	26	2048	16	2	5	0.0	0.5	delta_proj	1.5	0.955414	1.050955	0.983	67744	18	42.7	
9	27	2048	16	2	5	0.0	0.5	delta_proj	1.5	0.961019	1.057121	0.983	67744	17	42.7	
9	28	2048	16	2	5	0.0	0.5	delta_proj	1.5	0.955669	1.051236	0.983	67744	18	42.7	
9	29	2048	16	2	5	0.0	0.5	delta_proj	1.5	0.957197	1.052917	0.983	67744	20	42.7	
9	30	2048	16	2	5	0.0	0.5	delta_proj	1.5	0.955924	1.051516	0.983	67744	18	43.0	
9	31	2048	16	2	5	0.0	0.5	delta_proj	1.5	0.958726	1.054599	0.983	67744	20	42.7	
9	32	2048	16	2	5	0.0	0.5	delta_proj	1.5	0.955924	1.051516	0.983	67744	20	42.7	
9	33	2048	16	2	5	0.0	0.5	delta_proj	1.5	0.951847	1.047032	0.983	67744	20	42.8	
9	34	2048	16	2	5	0.5	0.5	delta_proj	1.5	0.954650	1.050115	0.983	67744	16	47.0	
9	35	2048	16	2	5	0.0	0.5	delta_proj	1.5	0.953631	1.048994	0.983	67744	19	42.7	
9	36	2048	16	2	5	0.0	0.5	delta_proj	1.5	0.955669	1.051236	0.983	67744	20	42.7	
9	37	2048	16	2	5	0.0	0.5	delta_proj	1.5	0.962038	1.058242	0.983	67744	19	42.7	
9	38	2048	16	2	5	0.0	0.5	delta_proj	1.5	0.957197	1.052917	0.983	67744	19	42.7	
9	39	2048	16	2	5	0.0	0.5	delta_proj	1.5	0.958981	1.054879	0.983	67744	18	42.7	
9	40	2048	16	2	6	0.5	0.3	delta_proj	1.5	0.956433	1.004255	1.180	67744	20	53.3	
9	41	2048	16	4	5	0.0	0.5	standard	1.5	0.265478	0.278752	1.966	67744	15	75.4	
9	42	2048	20	2	5	0.0	0.5	delta_proj	0.0	0.220892	0.231936	1.229	84168	17	54.3	
9	43	2048	16	4	5	1.0	0.5	delta_proj	1.5	0.955669	1.003452	1.966	67744	20	68.3	
9	44	2048	16	2	5	0.0	0.5	wpos_proj	1.5	0.948790	1.043669	0.983	67744	19	45.8	
9	45	2048	16	3	5	1.0	0.5	delta_proj	1.5	0.948790	0.996229	1.475	67744	18	57.5	
9	46	2048	16	4	5	0.0	0.5	delta_proj	1.5	0.955414	1.003185	1.966	67744	20	60.1	
9	47	1024	16	3	5	0.0	0.5	wpos_proj	1.5	0.905478	0.996025	0.737	33952	19	32.3	
9	48	2048	16	2	8	0.0	0.5	delta_proj	2.0	0.955159	1.002917	1.573	67744	18	59.8	
9	49	1024	16	3	5	0.0	0.5	delta_proj	1.5	0.935032	1.028535	0.737	33952	19	30.0	
